fafb_783,manc_1.2.1,maol_1.1
720575940628307026,12749,10046
720575940626979621,10477,10093
720575940596125868,10052,10012
720575940605825666,10151,10284
720575940610505006,12486,35838
720575940604088288,10749,17576
720575940603722412,10987,10439
720575940613065130,20143,55536
720575940601867017,10225,10351
720575940605199038,10105,10250
720575940606608230,10131,12174
720575940603067360,23755,13707
720575940615688404,10510,12295
720575940610100466,24856,40643
720575940624310468,10275,20674
720575940606084542,15535,11161
720575940617226869,10148,24886
720575940606696382,10398,18632
720575940606548326,10397,26131
720575940607461899,10389,61155
720575940608145026,19689,11130
720575940604165856,11212,10255
720575940604690278,10003,29658
720575940606726834,11478,16170
720575940607447491,10808,20248
720575940606198473,13984,72876
720575940603932448,10356,15910
720575940602747360,10997,16474
720575940603048108,13307,31006
720575940605104049,11112,45209
720575940609427246,15994,20218
720575940604065470,10942,25083
720575940618627377,100400,521030
720575940603747360,100408,39128
720575940608047299,16378,37967
720575940610440049,15283,29953
720575940605361841,11440,29986
720575940608208835,10995,30166
720575940608328387,13604,38284
720575940608783452,11875,56215
720575940602831328,12113,16468
720575940604451505,11411,70831
720575940604709920,17818,31457
720575940609558136,12623,22257
720575940604019424,10359,25607
720575940606436384,11242,15000
720575940628137222,20465,132136
720575940611091780,10386,45675
720575940617178369,10524,13260
720575940640698064,11624,15094
720575940606597724,14938,15858
720575940624364474,10401,23572
720575940636345707,12975,84426
720575940603676844,10094,35190
720575940604332460,11946,42476
720575940606298754,22346,14595
720575940611755157,12997,23848
720575940603951806,10482,10275
720575940615210508,12185,27868
720575940609220450,18569,25651
720575940613775825,10548,47592
720575940614215405,15151,15112
720575940604759910,19414,68245
720575940611292622,13024,45326
720575940604470240,30100,15770
720575940603924512,24989,14258
720575940607890377,14079,14650
720575940608237013,10979,26856
720575940605341216,11529,64441
720575940611418574,104697,17405
720575940607017993,16798,10803
720575940613825814,17570,58653
720575940603545190,12520,20749
720575940614604525,14309,23175
720575940607386290,13413,54725
720575940605890784,13787,52344
720575940607377586,20469,30506
720575940605154988,18519,40232
720575940610872014,15095,29581
720575940610679876,15057,26124
720575940604930481,14503,18991
720575940611700520,13637,28500
720575940608402012,14222,22754
720575940604458668,12035,22307
720575940606112940,16551,35072
720575940605513649,14873,24469
720575940605658033,17905,24909
720575940604727264,18908,37641
720575940605188542,15087,32926
720575940608909269,15946,14823
720575940603441632,16919,28232
720575940602885344,25779,29553
720575940610484834,20732,55940
720575940613527779,20448,11762
720575940608041923,14644,32162
720575940612169570,22825,56220
720575940621548276,17495,109404
720575940617368925,23350,81372
720575940604265440,18851,18201
720575940602572768,32649,41586
720575940611838577,31712,52378
720575940606135473,31967,14872
720575940612418510,43506,23606
720575940604519014,42076,14080
720575940613094002,30452,12956
720575940611857138,15831,28167
720575940608431043,14944,84881
720575940611407843,12891,46611
720575940618375803,11723,70555
720575940601712649,13115,58593
720575940612808597,19443,70395
720575940606756030,23553,119821
720575940605055916,27801,42931
720575940606173630,16995,33972
720575940606609696,14822,39697
720575940604100785,17841,76140
720575940604938342,18514,54294
720575940614930363,14212,46343
720575940606694758,12620,48857
720575940605154080,14619,22677
720575940613799274,19362,19549
720575940622932164,30183,24428
720575940606598758,18884,20066
720575940603235500,22434,25373
720575940610610990,10922,27936
720575940609268316,11452,18618
720575940614254534,186215,20671
720575940631309866,25821,33767
720575940608157397,26036,15127
720575940615911380,17183,17632
720575940608174894,12383,17118
720575940618791515,13687,22269
720575940606676572,58073,22177
720575940617241629,24737,22795
720575940605938633,22915,29085
720575940612289010,25873,59306
720575940603676076,27715,14142
720575940624343822,57998,14550
720575940605073342,40526,14636
720575940612171237,61084,126477
720575940609936882,28590,27913
720575940611617838,100243,36349
720575940606185858,19593,51508
720575940604763326,26026,131274
720575940608027915,17562,68677
720575940608232772,13399,32546
720575940615776373,17865,47937
720575940603979488,18196,44334
720575940607512533,12636,56045
720575940605912032,15338,15392
720575940605226673,12786,15069
720575940606039241,24208,57023
720575940608908100,20203,40317
720575940623082665,10068,59572
720575940605449929,21601,65277
720575940619205229,27498,115910
720575940608313301,10158,32063
720575940611022515,19045,30269
720575940605391136,16942,24604
720575940610899666,13671,26373
720575940605299889,13725,50924
720575940604074854,14053,123304
720575940603825120,16949,65245
720575940603452384,25161,17913
720575940608526089,23570,59977
720575940609470930,34000,58101
720575940606059977,28539,70145
720575940604852326,13899,41262
720575940604843710,23420,32507
720575940604456876,23946,28051
720575940603981536,18249,20303
720575940612635117,18268,120355
720575940606130860,18058,50890
720575940620023686,21374,30804
720575940603123936,10120,30479
720575940611622002,24609,22789
720575940607889244,20163,17202
720575940615863638,20895,35335
720575940609834052,30658,36484
720575940612046286,157493,33465
720575940608089522,15204,37749
720575940603975392,24277,118887
720575940605846118,15437,37479
720575940607860419,13391,97462
720575940606627762,24221,16678
720575940605249154,17979,55980
720575940608327298,24114,18391
720575940608042076,21636,30923
720575940620232640,19379,54748
720575940608353714,17337,50333
720575940603683505,22902,55856
720575940603186790,27422,126958
720575940605190078,25099,33906
720575940609927653,23896,85233
720575940607055061,26573,18006
720575940611499673,19049,32789
720575940608911662,16656,34985
720575940605007136,10944,14104
720575940602337504,152896,45257
720575940620706486,17308,20916
720575940603620268,171028,31310
720575940612211240,19865,29807
720575940611528419,22303,33141
720575940645713443,21003,48085
720575940621917645,30760,68907
720575940610623950,27836,21133
720575940609834308,101691,21676
720575940605870560,17072,118403
720575940623957228,24160,68865
720575940613786786,21065,65128
720575940609835896,14083,71077
720575940618475101,23300,87711
720575940606010057,22490,99723
720575940609813624,13577,73402
720575940610411726,23512,121860
720575940610649294,19141,133162
720575940606433410,10001,66379
720575940606010242,25890,69924
720575940620212206,23608,38945
720575940607689394,23103,33671
720575940620795784,100945,40279
720575940634018899,16101,68422
720575940605494560,20037,49326
720575940609768149,17538,32929
720575940607451081,33667,35766
720575940603599206,49037,42094
720575940603899936,60901,66439
720575940613590579,70820,50299
720575940604456364,47019,34054
720575940625000200,33357,70343
720575940603392546,103247,33213
720575940607947906,52013,31664
720575940618076701,30865,16991
720575940625447155,157953,32669
720575940612407219,157958,104716
720575940626776597,61908,91180
720575940614586287,61653,101008
720575940620916871,43279,65212
720575940614282449,100239,108136
720575940635516768,22757,89018
720575940606692542,13370,75200
720575940604174882,17703,60625
720575940612304858,23372,34411
720575940609544917,101549,57862
720575940622632831,10000,55827
720575940604550944,30132,61856
720575940609968196,36495,59635
720575940623367448,16952,41848
720575940612473050,31388,48458
720575940618391074,100142,63003
720575940607869618,55676,29268
