fafb_783,banc_626,maol_1.1
720575940628307026,720575941526929485,10046
720575940626979621,720575941688977932,10093
720575940596125868,720575941351833904,10012
720575940605825666,720575941403578224,10284
720575940610505006,720575941451917434,35838
720575940604088288,720575941430838999,17576
720575940603856352,720575941470084829,10106
720575940604865312,720575941352258864,11926
720575940604074854,720575941414262161,10387
720575940603825120,720575941350393904,10250
720575940602120928,720575941433194254,10415
720575940611746418,720575941519389806,10693
720575940603235500,720575941394069654,11157
720575940620123631,720575941479098819,18001
720575940608144732,720575941477927042,12795
720575940604732350,720575941392423830,29775
720575940611516586,720575941531356107,11212
720575940603874784,720575941474725684,11999
720575940602534112,720575941463144336,10508
720575940632045839,720575941499558369,39416
720575940602893228,720575941408568750,11507
720575940612740835,720575941350274352,12295
720575940610199781,720575941399414563,40643
720575940603956838,720575941568546418,15593
720575940606699989,720575941352917296,13196
720575940610621026,720575941407478063,11670
720575940606461216,720575941390677654,25772
720575940611206514,720575941350413360,23317
720575940604456364,720575941408049070,24034
720575940605197158,720575941410047855,24810
720575940608785365,720575941413185135,14199
720575940604504748,720575941435669522,22754
720575940611588835,720575941446948628,22307
720575940614914107,720575941449772469,35072
720575940604954289,720575941526666754,22656
720575940602718432,720575941401775651,22070
720575940607790916,720575941411754641,23210
720575940610423235,720575941392587414,18635
720575940603533246,720575941405895342,33331
720575940621717469,720575941477189662,11335
720575940617365947,720575941413870364,18464
720575940607957769,720575941408475439,38639
720575940610348773,720575941352945712,24272
720575940610077026,720575941407841071,43985
720575940607775106,720575941392418710,23125
720575940613917042,720575941409987695,12799
720575940613552947,720575941350352176,13679
720575940603683505,720575941413837084,19619
720575940607455171,720575941456315039,10264
720575940603692256,720575941489345589,10915
720575940616772865,720575941413952028,21094
720575940603695025,720575941433438240,20759
720575940618003672,720575941553503460,29183
720575940609014370,720575941436666400,35952
720575940618153637,720575941352943152,11852
720575940607233458,720575941351912496,10839
720575940610355882,720575941411840916,12970
720575940604100785,720575941391961238,88620
720575940604938342,720575941433078542,21985
720575940623579063,720575941410088047,38050
720575940606765758,720575941416637468,28970
720575940613501337,720575941524172875,40929
720575940605708478,720575941414273937,48954
720575940603250860,720575941440001343,19609
720575940609085909,720575941350354224,22091
720575940605743648,720575941475766122,20259
720575940611169242,720575941424912468,19453
720575940614742028,720575941513376588,40655
720575940605647234,720575941447048117,62328
720575940618385718,720575941458334163,30066
720575940605976521,720575941350890544,12140
720575940606746034,720575941436996882,28700
720575940609993284,720575941588615052,76864
720575940610173048,720575941399253283,19022
720575940605707710,720575941505774209,39791
720575940604470956,720575941489320757,62749
720575940603453286,720575941467254237,15069
720575940605842656,720575941414353436,39662
720575940603455846,720575941476567582,18985
720575940604076734,720575941429959895,29475
720575940611738035,720575941408639535,87503
720575940603744992,720575941353008688,15366
720575940606162306,720575941353080624,13506
720575940606810057,720575941408338862,30530
720575940617422481,720575941561204626,48687
720575940605156384,720575941401773091,47860
720575940620793584,720575941399317539,68390
720575940604451505,720575941429623544,44086
720575940604709920,720575941489123047,11384
720575940606683228,720575941448919901,42568
720575940605756081,720575941490075081,52891
720575940602920364,720575941458961860,72269
720575940612211496,720575941441927887,21293
720575940604019424,720575941411072427,20785
720575940605640905,720575941409240367,30907
720575940606677340,720575941414490516,31602
720575940609658377,720575941405826095,23369
720575940620032379,720575941435340430,21013
720575940608655883,720575941391912854,38013
720575940629067996,720575941416869404,75011
720575940623960556,720575941408674990,47642
720575940603981536,720575941441721947,16609
720575940616603997,720575941411555755,15635
720575940619221829,720575941412734831,75316
720575940610718131,720575941352470576,43428
720575940604955057,720575941401030179,27455
720575940620878727,720575941427615316,22351
720575940604285105,720575941701007066,32722
720575940611991336,720575941438502162,34123
720575940613303471,720575941438410514,23686
720575940603274272,720575941390285462,28329
720575940615631266,720575941451814215,17148
720575940613598105,720575941439285036,14823
720575940604542176,720575941477009217,19887
720575940609321938,720575941401231907,35534
720575940608127666,720575941352268592,20733
720575940618249797,720575941404875120,32103
720575940603045804,720575941404874352,30250
720575940621084771,720575941511360722,30365
720575940615746316,720575941527575974,25321
720575940605033504,720575941414168980,20189
720575940605410592,720575941353201712,12956
720575940606246334,720575941352779824,26172
720575940602977248,720575941438030354,18300
720575940604941234,720575941408657838,31726
720575940610896338,720575941352398640,54438
720575940605604030,720575941391038358,22267
720575940603751857,720575941452351098,21632
720575940603693158,720575941391464196,22997
720575940606170754,720575941433188110,85233
720575940615405718,720575941457499551,19430
720575940617668510,720575941401204515,49358
720575940624775975,720575941431927767,18244
720575940605594814,720575941545879913,35027
720575940617607451,720575941444437930,15029
720575940606334338,720575941430896632,11669
720575940610850838,720575941353268016,10803
720575940608656942,720575941480683138,18781
720575940619855296,720575941352236336,19731
720575940607496405,720575941437030111,48079
720575940618930737,720575941439780831,12070
720575940608616131,720575941537795811,46004
720575940607988745,720575941432404183,35077
720575940605842912,720575941353070384,16253
720575940605465888,720575941416179228,17429
720575940604624049,720575941401942051,44446
720575940630513022,720575941408537774,23918
720575940605536172,720575941438454335,59512
720575940607396786,720575941402302320,48244
720575940612446869,720575941406037551,61175
720575940611131621,720575941393379588,78792
720575940609718283,720575941402532464,60871
720575940611449442,720575941449835342,79689
720575940608155266,720575941412858223,90591
720575940610583961,720575941405317488,60326
720575940612308963,720575941392681476,52986
720575940616861697,720575941439830751,61712
720575940615219417,720575941525947138,43748
720575940607854793,720575941529971128,33443
720575940612315699,720575941404699504,29669
720575940606431921,720575941574176264,20444
720575940611014570,720575941691273624,51239
720575940614217709,720575941477396785,44016
720575940606737842,720575941408891822,48726
720575940610399461,720575941408500398,58188
720575940611209109,720575941393068950,126516
720575940612170981,720575941433208846,43316
720575940604056544,720575941412965743,67649
720575940608509451,720575941353177904,69316
720575940608908100,720575941533680003,61145
720575940619245016,720575941392919556,40961
720575940606433410,720575941408307118,31339
720575940605252798,720575941430613463,88608
720575940659241601,720575941391857814,37456
720575940606432177,720575941471055680,93971
720575940618699825,720575941405473327,66477
720575940604877484,720575941440464219,24208
720575940605360817,720575941470067063,54673
720575940604756000,720575941350441008,70410
720575940612369870,720575941414908561,36186
720575940624535042,720575941405843118,24289
720575940613025331,720575941452199475,94094
720575940607765257,720575941439120591,74250
720575940609063236,720575941493443015,59663
720575940611544854,720575941460571588,21780
720575940610724466,720575941451662663,34901
720575940610872014,720575941470723648,36166
720575940605154988,720575941407793455,77752
720575940609957315,720575941476452458,61872
720575940604705312,720575941472889952,38755
720575940616400470,720575941558256173,98962
720575940612427670,720575941449971549,86681
720575940621319156,720575941513459290,57013
720575940607375794,720575941405783343,48923
720575940609268316,720575941430524686,10995
720575940606762953,720575941404749424,46857
720575940620860654,720575941399300387,15545
720575940614363619,720575941403537776,42794
720575940618195254,720575941430007544,17260
720575940603944382,720575941401761315,46874
720575940603514141,720575941401772067,18411
720575940607777628,720575941413871388,51080
720575940604130481,720575941401795107,39999
720575940635196334,720575941407527471,45714
720575940603676844,720575941393486230,105333
720575940607933891,720575941399183907,80783
720575940636037604,720575941425044052,53345
720575940610676834,720575941413153647,46302
720575940616295451,720575941403824752,82848
720575940605322370,720575941433029390,45653
720575940609642505,720575941391990532,25071
720575940635001881,720575941471160183,17806
720575940604771174,720575941429044655,42552
720575940607557315,720575941489775049,17235
720575940631676155,720575941353177392,33741
720575940626495109,720575941431406295,17354
720575940605675808,720575941519396974,16743
720575940606987906,720575941433954446,32809
720575940611502309,720575941444830378,15213
720575940604821950,720575941427690580,123713
720575940608529710,720575941411588719,32895
720575940605158065,720575941413989404,89431
720575940616905787,720575941430111224,24492
720575940625876484,720575941450116167,24305
720575940617575803,720575941466521622,20432
720575940621947491,720575941513210371,36421
720575940611085274,720575941474404923,67041
720575940604030636,720575941515678051,31878
720575940606322889,720575941430452750,41860
720575940614220438,720575941437721618,65389
720575940607915394,720575941431208184,32063
720575940604607678,720575941447760490,37711
720575940605423532,720575941567162868,133135
720575940616156482,720575941660911740,138558
720575940618243741,720575941513810252,116765
720575940606849481,720575941412309649,41274
720575940604734641,720575941731524907,130485
